INSERT INTO `diagnostics` (`id`, `id_c`, `p_ig`, `h_vb`, `e_v`, `ra_v`, `rf_tp_pc`, `type_face`, `type_eyes`, `type_nose`, `type_lips`, `type_nails`, `patient_id`, `created_at`, `updated_at`, `type_tongue`) VALUES
(12, 'A', 'B', 'C', 'D', 'E', 'F', 'RE', 'ES', 'PD', 'SU', 'TCYING', 10, '2017-04-03 08:16:53', '2017-04-03 08:16:53', 'Roja'),
(13, 'alto', 'alto', 'bajo', 'normal', 'retencion', 'retencion', 'RE', 'ES', 'DPR', 'MG', 'RCYANG', 11, '2017-04-07 01:41:07', '2017-04-07 01:41:07', 'puntiaguda'),
(14, 'NA', 'NA', 'en exceso', 'EN EXECO', ' NA', 'EN ECEXO', 'RE', 'SALT', 'PD', 'SU', 'GDMD', 12, '2017-04-07 02:21:34', '2017-04-07 02:21:34', 'GORDA'),
(15, 'amentado', 'normal', 'normal', 'normal', 'normal', 'normal', 'RE', 'SALT', 'DPR', 'SGID', 'RCYANG', 13, '2017-04-07 02:43:56', '2017-04-07 02:43:56', 'gorda'),
(16, 'na', 'na', 'na', 'na', 'na', 'na', 'RE', 'SYING', 'PD', 'MG', 'EVH', 14, '2017-04-07 03:06:34', '2017-04-07 03:06:34', 'languida'),
(17, 'NA', 'NA', 'NA', 'NA', 'NA', 'NA', 'RE', 'ES', 'DPR', 'MG', 'EVH', 15, '2017-04-07 03:35:47', '2017-04-07 03:35:47', 'DELGADA'),
(18, 'NA', 'NA', 'NA', 'NA', 'NA', 'NA', 'RE', 'SYING', 'PD', 'MG', 'HTA', 16, '2017-04-07 04:00:22', '2017-04-07 04:00:22', 'CON SABURRA'),
(19, 'Exceso', 'normal', 'exceso', 'exceso', 'exceso', 'exceso', 'RE', 'ES', 'PD', 'SDIG', 'HTA', 17, '2017-04-07 04:23:39', '2017-04-07 04:23:39', 'languida'),
(20, 'deficiencia', 'normal', 'normal', 'exceso', 'deficiencia', 'deficiencia', 'FA', 'SYING', 'DPR', 'MG', 'RCYANG', 18, '2017-04-07 04:46:15', '2017-04-07 04:46:15', 'grietas en bazo'),
(21, 'NA', 'NA', 'NA', 'NA', 'NA', 'NA', 'MP', 'ES', 'PD', 'SDIG', 'RCYANG', 19, '2017-04-07 05:07:54', '2017-04-07 05:07:54', 'delgada'),
(22, 'NA', 'NA', 'NA', 'NA', 'NA', 'NA', 'MP', 'ES', 'DPR', 'SGID', 'RCYANG', 20, '2017-04-07 05:34:30', '2017-04-07 05:34:30', 'GORDA Y GRANDE'),
(23, 'NA', 'NA', 'NA', 'NA', 'NA', 'NA', 'RE', 'ES', 'PD', 'MG', 'RCYANG', 21, '2017-04-07 06:03:08', '2017-04-07 06:03:08', 'INQUIETA'),
(24, 'NA', 'NA', 'NA', 'NA', 'NA', 'NA', 'RE', 'ES', 'PD', 'MG', 'RCYANG', 22, '2017-04-07 17:58:38', '2017-04-07 17:58:38', 'GORDA');

INSERT INTO `habit_patients` (`id`, `habit_name`, `habit_frecuency`, `habit_lot`, `units`, `habit_description`, `patient_id`, `created_at`, `updated_at`) VALUES
(12, 'Correr', 'WEEK', 1.000, 'HOUR', 'Sale a correr', 10, '2017-04-03 08:16:53', '2017-04-03 08:16:53'),
(13, 'NA', 'DAY', 0.000, 'MINUTE', '', 11, '2017-04-07 01:41:06', '2017-04-07 01:41:06'),
(14, 'Tomar', 'MONTH', 0.000, 'MINUTE', 'toma cerveza', 12, '2017-04-07 02:21:33', '2017-04-07 02:21:33'),
(15, 'ejercicio', 'WEEK', 30.000, 'MINUTE', 'camina ', 13, '2017-04-07 02:43:56', '2017-04-07 02:43:56'),
(16, 'Toma', 'MONTH', 2.000, 'MINUTE', 'toma  wisky', 14, '2017-04-07 03:06:34', '2017-04-07 03:06:34'),
(17, 'ejercicio', 'HALFDAY', 45.000, 'MINUTE', 'caminar', 15, '2017-04-07 03:35:46', '2017-04-07 03:35:46'),
(18, 'TRAGO', 'YEAR', 1.000, 'MINUTE', 'EN  REUNIONES SOCIALES', 16, '2017-04-07 04:00:22', '2017-04-07 04:00:22'),
(19, 'NA', 'DAY', 0.000, 'MINUTE', '', 17, '2017-04-07 04:23:39', '2017-04-07 04:23:39'),
(20, 'NA', 'DAY', 0.000, 'MINUTE', '', 18, '2017-04-07 04:46:15', '2017-04-07 04:46:15'),
(21, 'ejercicio', 'HALFDAY', 1.000, 'HOUR', 'aerobicos, cardio', 19, '2017-04-07 05:07:54', '2017-04-07 05:07:54'),
(22, 'ejercicio', 'HALFDAY', 20.000, 'MINUTE', 'camina, trota, estiramientos', 20, '2017-04-07 05:34:30', '2017-04-07 05:34:30'),
(23, 'ejercicio', 'DAY', 1.000, 'HOUR', 'cardio, pilates', 21, '2017-04-07 06:03:08', '2017-04-07 06:03:08'),
(24, 'NA', 'DAY', 0.000, 'MINUTE', '', 22, '2017-04-07 17:58:38', '2017-04-07 17:58:38');

INSERT INTO `inspections` (`id`, `goal`, `min_weight`, `max_weight`, `motivation`, `treatment_initiated`, `hlar_num`, `hlar_time`, `hlar_weight`, `integrity`, `movement`, `patient_id`, `feeling_id`, `created_at`, `updated_at`, `size`, `observation`, `others`, `attitude`) VALUES
(5, 50.000, 52.000, 59.000, 'Varias', '', 8, 'M', 0.000, 'COMPLETE', 'NORMAL', 10, 8, '2017-04-03 08:16:52', '2017-04-03 08:16:52', 159.000, '', '', 'YIN'),
(6, 10.000, 50.000, 68.800, 'verse  mejor', 'Hidrolipoclasia, herbalife', 6, 'M', 4.000, 'COMPLETE', 'NORMAL', 11, 16, '2017-04-07 01:41:06', '2017-04-07 01:41:06', 158.000, 'tranquila', '', 'YIN'),
(7, 10.000, 50.000, 68.000, ' salud', 'NA', 8, 'M', 8.000, 'COMPLETE', 'NORMAL', 12, 15, '2017-04-07 02:21:33', '2017-04-07 02:21:33', 161.000, 'radiante tranquila', '', 'YIN'),
(8, 20.000, 50.000, 72.000, 'salud', 'esteticos', 1, 'Y', 8.000, 'COMPLETE', 'NORMAL', 13, 15, '2017-04-07 02:43:56', '2017-04-07 02:43:56', 151.000, '', '', 'YIN'),
(9, 6.000, 62.000, 66.000, 'salud', 'procedimiento para bajar de peso', 6, 'M', 6.000, 'COMPLETE', 'NORMAL', 14, 15, '2017-04-07 03:06:34', '2017-04-07 03:06:34', 162.000, 'delgada', '', 'YIN'),
(10, 12.000, 66.000, 82.000, 'sentirse mejor', 'auriculoterapia,  irene melo herbalife', 6, 'M', 15.000, 'COMPLETE', 'NORMAL', 15, 12, '2017-04-07 03:35:46', '2017-04-07 03:35:46', 163.000, '', '', 'YIN'),
(11, 13.000, 54.000, 73.000, 'SALUD', 'AURICULOTERAPIA, PASTAS', 6, 'M', 6.000, 'COMPLETE', 'NORMAL', 16, 11, '2017-04-07 04:00:22', '2017-04-07 04:00:22', 160.000, '', '', 'YIN'),
(12, 9.000, 55.000, 72.000, 'salud', 'irene melo', 6, 'M', 8.000, 'COMPLETE', 'NORMAL', 17, 3, '2017-04-07 04:23:39', '2017-04-07 04:23:39', 167.000, 'tranquila', '', 'YIN'),
(13, 30.000, 67.000, 87.000, 'SALUD', 'AURICULOTERAPIA,  SIBUTRAMINA, MALTEADAS', 10, 'Y', 30.000, 'COMPLETE', 'NORMAL', 18, 3, '2017-04-07 04:46:14', '2017-04-07 04:46:14', 155.000, '', '', 'YIN'),
(14, 33.000, 69.000, 98.000, 'salud', 'Auriculoterapia,  tomato,  hanet', 4, 'Y', 30.000, 'COMPLETE', 'NORMAL', 19, 15, '2017-04-07 05:07:54', '2017-04-07 05:07:54', 161.000, '', '', 'YIN'),
(15, 30.000, 74.000, 99.800, 'salud', 'NAda', 3, 'Y', 30.000, 'COMPLETE', 'NORMAL', 20, 11, '2017-04-07 05:34:30', '2017-04-07 05:34:30', 173.000, '', '', 'YANG'),
(16, 67.700, 60.000, 67.700, 'salud', 'nada', 3, 'Y', 6.000, 'COMPLETE', 'NORMAL', 21, 8, '2017-04-07 06:03:08', '2017-04-07 06:03:08', 157.000, 'acnec, estress', '', 'YIN'),
(17, 17.000, 72.000, 82.000, 'salud', 'esteticos', 1, 'Y', 10.000, 'COMPLETE', 'NORMAL', 22, 2, '2017-04-07 17:58:38', '2017-04-07 17:58:38', 163.000, 'ancha de espalda,', '', 'YIN');

INSERT INTO `medications` (`id`, `medicine_name`, `meeting_id`, `dose`, `created_at`, `updated_at`, `medicine_type`) VALUES
(5, '', 11, '', '2017-04-03 08:16:53', '2017-04-03 08:16:53', 'MDCN'),
(6, 'astaxantinas', 13, '1 diaria', '2017-04-07 01:41:07', '2017-04-07 01:41:07', 'VTMN'),
(7, '', 14, '', '2017-04-07 02:01:27', '2017-04-07 02:01:27', 'MDCN'),
(8, '', 16, '', '2017-04-07 02:21:34', '2017-04-07 02:21:34', 'MDCN'),
(9, '', 17, '', '2017-04-07 02:26:35', '2017-04-07 02:26:35', 'MDCN'),
(10, 'multivitaminas', 19, '', '2017-04-07 02:43:57', '2017-04-07 02:43:57', 'VTMN'),
(11, '', 21, '', '2017-04-07 02:50:05', '2017-04-07 02:50:05', 'MDCN'),
(12, 'astaxantina', 20, '2 diaria', '2017-04-07 03:06:34', '2017-04-07 03:06:34', 'VTMN'),
(13, '', 23, '', '2017-04-07 03:21:09', '2017-04-07 03:21:09', 'MDCN'),
(14, 'BIOTINA', 24, 'DOS  POR DIA', '2017-04-07 03:35:47', '2017-04-07 03:35:47', 'MDCN'),
(15, '', 28, '', '2017-04-07 03:44:11', '2017-04-07 03:44:11', 'MDCN'),
(16, '', 25, '', '2017-04-07 04:00:22', '2017-04-07 04:00:22', 'MDCN'),
(17, '', 30, '', '2017-04-07 04:13:07', '2017-04-07 04:13:07', 'MDCN'),
(18, 'multivitaminicas', 31, 'DOS  POR DIA', '2017-04-07 04:23:39', '2017-04-07 04:23:39', 'VTMN'),
(19, '', 37, '', '2017-04-07 04:36:24', '2017-04-07 04:36:24', 'MDCN'),
(20, 'multivitaminas', 34, '2 por dia', '2017-04-07 04:46:15', '2017-04-07 04:46:15', 'VTMN'),
(21, '', 39, '', '2017-04-07 04:58:52', '2017-04-07 04:58:52', 'MDCN'),
(22, 'biotina', 35, '2 por dia', '2017-04-07 05:07:55', '2017-04-07 05:07:55', 'MDCN'),
(23, '', 43, '', '2017-04-07 05:24:34', '2017-04-07 05:24:34', 'MDCN'),
(24, 'MULTIVITAMINICOS', 41, 'DOS  POR DIA', '2017-04-07 05:34:30', '2017-04-07 05:34:30', 'VTMN'),
(25, '', 47, '', '2017-04-07 05:42:02', '2017-04-07 05:42:02', 'MDCN'),
(26, 'MULTIVITAMINICAS', 44, 'DOS  POR DIA', '2017-04-07 06:03:09', '2017-04-07 06:03:09', 'MDCN'),
(27, '', 49, '', '2017-04-07 06:16:34', '2017-04-07 06:16:34', 'MDCN'),
(28, 'MULTIVITAMINAS', 51, 'DOS  POR DIA', '2017-04-07 17:58:38', '2017-04-07 17:58:38', 'VTMN'),
(29, '', 52, '', '2017-04-08 01:27:50', '2017-04-08 01:27:50', 'MDCN');

INSERT INTO `meetings` (`id`, `treatment_id`, `tracing_id`, `created_at`, `updated_at`, `meeting_status`, `start_meeting`, `end_meeting`, `patient_id`) VALUES
(11, 11, NULL, '2017-04-03 08:09:34', '2017-04-03 08:16:53', 'DONE', '2017-04-03 08:00:00', '2017-04-03 08:40:00', 10),
(13, 12, NULL, '2017-04-07 01:30:41', '2017-04-07 01:41:07', 'DONE', '2017-04-06 15:40:00', '2017-04-06 16:20:00', 11),
(14, NULL, 5, '2017-04-07 01:41:57', '2017-04-07 02:01:27', 'DONE', '2017-04-06 08:00:00', '2017-04-06 08:20:00', 11),
(15, NULL, 6, '2017-04-07 02:03:04', '2017-04-07 02:03:04', 'ACTV', '2017-04-20 09:00:00', '2017-04-20 09:20:00', 11),
(16, 13, NULL, '2017-04-07 02:11:09', '2017-04-07 02:21:34', 'DONE', '2017-04-06 08:20:00', '2017-04-06 09:00:00', 12),
(17, NULL, 7, '2017-04-07 02:22:08', '2017-04-07 02:26:35', 'DONE', '2017-04-06 16:20:00', '2017-04-06 16:40:00', 12),
(18, NULL, 8, '2017-04-07 02:32:02', '2017-04-07 02:32:02', 'ACTV', '2017-04-20 14:20:00', '2017-04-20 14:40:00', 12),
(19, 14, NULL, '2017-04-07 02:35:58', '2017-04-07 02:43:57', 'DONE', '2017-04-06 09:00:00', '2017-04-06 09:40:00', 13),
(20, 15, NULL, '2017-04-07 02:38:55', '2017-04-07 03:06:34', 'DONE', '2017-04-06 09:00:00', '2017-04-06 09:40:00', 14),
(21, NULL, 9, '2017-04-07 02:44:38', '2017-04-07 02:50:05', 'DONE', '2017-04-06 16:40:00', '2017-04-06 17:00:00', 13),
(22, NULL, 10, '2017-04-07 02:56:01', '2017-04-07 02:56:01', 'ACTV', '2017-04-18 08:20:00', '2017-04-18 08:40:00', 13),
(23, NULL, 11, '2017-04-07 03:07:26', '2017-04-07 03:21:09', 'DONE', '2017-04-06 15:00:00', '2017-04-06 15:20:00', 14),
(24, 16, NULL, '2017-04-07 03:19:40', '2017-04-07 03:35:47', 'DONE', '2017-04-06 09:40:00', '2017-04-06 10:20:00', 15),
(25, 17, NULL, '2017-04-07 03:20:49', '2017-04-07 04:00:22', 'DONE', '2017-04-06 10:20:00', '2017-04-06 11:00:00', 16),
(26, NULL, 12, '2017-04-07 03:21:52', '2017-04-07 03:21:52', 'ACTV', '2017-04-20 15:20:00', '2017-04-20 15:40:00', 14),
(28, NULL, 14, '2017-04-07 03:36:19', '2017-04-07 03:44:11', 'DONE', '2017-04-06 15:20:00', '2017-04-06 15:40:00', 15),
(29, NULL, 15, '2017-04-07 03:51:00', '2017-04-07 03:51:00', 'ACTV', '2017-04-20 17:00:00', '2017-04-20 17:20:00', 15),
(30, NULL, 16, '2017-04-07 04:01:13', '2017-04-07 04:13:07', 'DONE', '2017-04-06 17:00:00', '2017-04-06 17:20:00', 16),
(31, 18, NULL, '2017-04-07 04:11:00', '2017-04-07 04:23:39', 'DONE', '2017-04-06 18:00:00', '2017-04-06 18:40:00', 17),
(33, NULL, 18, '2017-04-07 04:13:52', '2017-04-07 04:13:52', 'ACTV', '2017-04-20 17:20:00', '2017-04-20 17:40:00', 16),
(34, 19, NULL, '2017-04-07 04:15:49', '2017-04-07 04:46:15', 'DONE', '2017-04-06 17:40:00', '2017-04-06 18:20:00', 18),
(35, 20, NULL, '2017-04-07 04:20:37', '2017-04-07 05:07:55', 'DONE', '2017-04-06 18:20:00', '2017-04-06 19:00:00', 19),
(37, NULL, 20, '2017-04-07 04:26:08', '2017-04-07 04:36:24', 'DONE', '2017-04-06 11:00:00', '2017-04-06 11:20:00', 17),
(38, NULL, 21, '2017-04-07 04:38:03', '2017-04-07 04:38:03', 'ACTV', '2017-04-17 17:00:00', '2017-04-17 17:20:00', 17),
(39, NULL, 22, '2017-04-07 04:46:43', '2017-04-07 04:58:52', 'DONE', '2017-04-06 14:40:00', '2017-04-06 15:00:00', 18),
(40, NULL, 23, '2017-04-07 04:59:34', '2017-04-07 04:59:34', 'ACTV', '2017-04-20 17:40:00', '2017-04-20 18:00:00', 18),
(41, 21, NULL, '2017-04-07 05:01:01', '2017-04-07 05:34:30', 'DONE', '2017-04-06 11:20:00', '2017-04-06 12:00:00', 20),
(43, NULL, 25, '2017-04-07 05:08:19', '2017-04-07 05:24:34', 'DONE', '2017-04-06 17:20:00', '2017-04-06 17:40:00', 19),
(44, 22, NULL, '2017-04-07 05:12:41', '2017-04-07 06:03:09', 'DONE', '2017-04-06 12:00:00', '2017-04-06 12:40:00', 21),
(46, NULL, 27, '2017-04-07 05:25:02', '2017-04-07 05:25:02', 'ACTV', '2017-04-20 18:00:00', '2017-04-20 18:20:00', 19),
(47, NULL, 28, '2017-04-07 05:35:02', '2017-04-07 05:42:02', 'DONE', '2017-04-06 19:00:00', '2017-04-06 19:20:00', 20),
(48, NULL, 29, '2017-04-07 05:52:05', '2017-04-07 05:52:05', 'ACTV', '2017-04-20 18:20:00', '2017-04-20 18:40:00', 20),
(49, NULL, 30, '2017-04-07 06:03:33', '2017-04-07 06:16:34', 'DONE', '2017-04-06 19:20:00', '2017-04-06 19:40:00', 21),
(50, NULL, 31, '2017-04-07 06:17:56', '2017-04-07 06:17:56', 'ACTV', '2017-04-18 11:20:00', '2017-04-18 11:40:00', 21),
(51, 23, NULL, '2017-04-07 17:51:24', '2017-04-07 17:58:38', 'DONE', '2017-04-07 08:00:00', '2017-04-07 08:40:00', 22),
(52, NULL, 32, '2017-04-08 01:26:10', '2017-04-08 01:27:50', 'DONE', '2017-04-07 08:40:00', '2017-04-07 09:00:00', 22);

INSERT INTO `menstrual_periods` (`id`, `frecuency`, `duration`, `patient_id`, `created_at`, `updated_at`, `type`) VALUES
(2, 30, 5, 10, '2017-04-03 08:16:53', '2017-04-03 08:16:53', 'IRR'),
(3, 60, 4, 11, '2017-04-07 01:41:07', '2017-04-07 01:41:07', 'IRR'),
(4, 30, 5, 12, '2017-04-07 02:21:34', '2017-04-07 02:21:34', 'RE'),
(5, 60, 4, 15, '2017-04-07 03:35:46', '2017-04-07 03:35:46', 'IRR'),
(6, 25, 4, 17, '2017-04-07 04:23:39', '2017-04-07 04:23:39', 'IRR'),
(7, 28, 3, 19, '2017-04-07 05:07:54', '2017-04-07 05:07:54', 'RE'),
(8, 28, 3, 21, '2017-04-07 06:03:08', '2017-04-07 06:03:08', 'RE'),
(9, 28, 5, 22, '2017-04-07 17:58:38', '2017-04-07 17:58:38', 'RE');

INSERT INTO `patients` (`id`, `name`, `last_name`, `birthdate`, `civil_status`, `address`, `phone`, `blood_type_id`, `gender`, `email`, `number_children`, `academic_level_id`, `economic_level`, `created_at`, `updated_at`, `type_id_number`, `id_number`, `job`, `patient_status`, `eps_id`) VALUES
(10, 'Karen Eliana', 'Rodriguez Zabala', '1988-01-14', 'SIN', 'carrera 5 b#1a -05', '3112819403', 3, 'F', 'karenelianar@gmail.com', 0, 3, NULL, '2017-04-03 08:09:34', '2017-04-03 08:16:52', 'CC', '1057576713', 'Ingeniera de Sistemas', 'OLD', 4),
(11, 'Claudia ', 'Ceron Rojas', '1964-12-22', 'MAR', 'Kra 9 A  # 18_52', '31132667273', 3, 'F', 'rcconstructores@yahoo.com', 2, 3, NULL, '2017-04-07 01:30:41', '2017-04-07 01:41:06', 'CC', '46358686', 'Administradora', 'OLD', 3),
(12, 'Monica ', 'Sierra Mendez', '1989-09-11', 'SIN', 'calle33 # 10-07', '3154044652', 3, 'F', 'monikmarce2010@hotmail.com', 0, 3, NULL, '2017-04-07 02:11:09', '2017-04-07 02:21:33', 'CC', '1057581774', 'Enfermera', 'OLD', 3),
(13, 'Gloria ', 'Soto Pachon', '1964-06-21', 'MAR', 'Kra 8 # 28A-60', '3107941342', 1, 'F', 'sotocony@hotmail.com', 3, 3, NULL, '2017-04-07 02:35:58', '2017-04-07 02:43:56', 'CC', '51741708', 'Administradora', 'OLD', 3),
(14, 'Vilma Yaneth ', 'Pinilla Holguin', '1962-01-02', 'MAR', 'Calle 13#15-09', '3123054131', 1, 'F', 'notiene@correo.com', 2, 3, NULL, '2017-04-07 02:38:55', '2017-04-07 03:06:34', 'CC', '46359193', 'comerciante', 'OLD', 5),
(15, 'Yuly Marcela', 'Nuñez Silva', '1986-03-07', 'SIN', 'Carrera 18 # 2A Sur- 49 Casa 4', '3124863505', 3, 'F', 'yuly_nusi@hotmail.com', 0, 6, NULL, '2017-04-07 03:19:40', '2017-04-07 03:35:46', 'CC', '1057570954', 'Ingeniera Geologa', 'OLD', 3),
(16, 'Angela Cristina', 'Rodriguez Patarroyo', '1967-05-30', 'MAR', 'calle 19 #11-59', '3124941367', 3, 'F', 'angelacris94@gmail.com', 1, 3, NULL, '2017-04-07 03:20:49', '2017-04-07 04:00:22', 'CC', '23581841', 'EMPLEADA', 'OLD', 3),
(17, 'Luz Adriana', 'Granados Rojas', '1992-12-09', 'SIN', 'Km 6 via sogamoso Iza', '3123309694', 3, 'F', 'adrigrana2@hotmail.com', 0, 6, NULL, '2017-04-07 04:11:00', '2017-04-07 04:23:39', 'CC', '1051589676', 'Abogada', 'OLD', 3),
(18, 'Claudia Rocio', 'Suarez Chaparro', '1969-06-25', 'MAR', 'Transversal 6 # 5-02 Piso 2', '3014314946', 3, 'F', 'ternuritasrossi@gmail.com', 3, 2, NULL, '2017-04-07 04:15:49', '2017-04-07 04:46:14', 'CC', '40028805', 'ADMINISTRADORA', 'OLD', 3),
(19, 'Heidi', 'Becerra Galan', '1978-08-01', 'MAR', 'Calle 23 # 10-14', '314382308', 3, 'F', 'heidigabe@hotmail.com', 1, 4, NULL, '2017-04-07 04:20:37', '2017-04-07 05:07:54', 'CC', '46376233', 'empleada', 'OLD', 3),
(20, 'German Andres ', 'Bayona Camargo', '1981-02-02', 'MAR', 'Calle 2f #18a-25', '3105613626', 3, 'M', 'germandres06@hotmail.com', 0, 3, NULL, '2017-04-07 05:01:01', '2017-04-07 05:34:29', 'CC', '74187981', 'ingeniero civil', 'OLD', 3),
(21, 'Rubiela', 'Acevedo Carreño', '1984-12-27', 'SIN', 'Cra 11#16-74', '3223078805', 4, 'F', 'rubiela.acevedo46@hotmail.com', 1, 3, NULL, '2017-04-07 05:12:41', '2017-04-07 06:03:08', 'CC', '46386742', 'Bacteriologa', 'OLD', 3),
(22, 'ANDREA', 'VARGAS BARRERA', '1979-09-04', 'SIN', 'calle 16 #13-26', '3138031934', 3, 'F', 'andreavb@hotmail.com', 0, 3, NULL, '2017-04-07 17:51:23', '2017-04-07 17:58:38', 'CC', '46376701', 'Administradora', 'OLD', 3);

INSERT INTO `plannings_patients` (`id`, `patient_id`, `planning_method_id`, `description`, `created_at`, `updated_at`) VALUES
(12, 10, 1, '', '2017-04-03 08:16:53', '2017-04-03 08:16:53'),
(13, 11, 4, '', '2017-04-07 01:41:07', '2017-04-07 01:41:07'),
(14, 12, 4, '', '2017-04-07 02:21:34', '2017-04-07 02:21:34'),
(15, 13, 4, 'pomeroy', '2017-04-07 02:43:56', '2017-04-07 02:43:56'),
(16, 14, 1, '', '2017-04-07 03:06:34', '2017-04-07 03:06:34'),
(17, 15, 1, '', '2017-04-07 03:35:46', '2017-04-07 03:35:46'),
(18, 16, 4, 'HISTERECTOMIA', '2017-04-07 04:00:22', '2017-04-07 04:00:22'),
(19, 17, 4, '', '2017-04-07 04:23:39', '2017-04-07 04:23:39'),
(20, 18, 4, 'histerectomia', '2017-04-07 04:46:15', '2017-04-07 04:46:15'),
(21, 19, 1, '', '2017-04-07 05:07:54', '2017-04-07 05:07:54'),
(22, 20, 1, '', '2017-04-07 05:34:30', '2017-04-07 05:34:30'),
(23, 21, 4, 'diu', '2017-04-07 06:03:08', '2017-04-07 06:03:08'),
(24, 22, 1, 'nada', '2017-04-07 17:58:38', '2017-04-07 17:58:38');

INSERT INTO `signs` (`id`, `weight`, `size`, `imc`, `contexture`, `heart_rate`, `breathing_rate`, `created_at`, `updated_at`, `blood_presure`) VALUES
(5, '54.00', '159.00', '24.00', 'mediana', '60.00', '20.00', '2017-04-03 08:16:53', '2017-04-03 08:16:53', '80/120'),
(6, '68.80', '158.00', '27.60', 'gruesa', '89.00', '28.00', '2017-04-07 01:41:07', '2017-04-07 01:41:07', '138/91'),
(7, '67.40', '161.00', '25.80', 'PEQUEÑA', '76.00', '26.00', '2017-04-07 02:21:34', '2017-04-07 02:21:34', '108/63'),
(8, '72.10', '151.00', '31.60', 'gruesa y bajita', '72.00', '25.00', '2017-04-07 02:43:57', '2017-04-07 02:43:57', '128/76'),
(9, '66.00', '162.00', '25.40', 'delgada', '74.00', '25.00', '2017-04-07 03:06:34', '2017-04-07 03:06:34', '125/76'),
(10, '75.10', '163.00', '28.30', 'MEDIANA', '73.00', '25.00', '2017-04-07 03:35:47', '2017-04-07 03:35:47', '121/70'),
(11, '73.00', '160.00', '27.40', 'MEDIANA', '79.00', '26.00', '2017-04-07 04:00:22', '2017-04-07 04:00:22', '158/95'),
(12, '69.60', '167.00', '25.90', 'delgada ', '66.00', '27.00', '2017-04-07 04:23:39', '2017-04-07 04:23:39', '117/75'),
(13, '87.00', '155.00', '30.00', 'pequeña- gruesa', '76.00', '28.00', '2017-04-07 04:46:15', '2017-04-07 04:46:15', '143/96'),
(14, '94.00', '161.00', '31.60', 'gruesa', '94.00', '29.00', '2017-04-07 05:07:54', '2017-04-07 05:07:54', '142/90'),
(15, '99.80', '173.00', '33.30', 'MEDIANA', '68.00', '27.00', '2017-04-07 05:34:30', '2017-04-07 05:34:30', '129/74'),
(16, '67.70', '1.57', '27.50', 'DELGADA', '73.00', '26.00', '2017-04-07 06:03:08', '2017-04-07 06:03:08', '117/79'),
(17, '82.20', '163.00', '30.20', 'GRUESA Y BAJITA', '74.00', '24.00', '2017-04-07 17:58:38', '2017-04-07 17:58:38', '129/73');

INSERT INTO `tracings` (`id`, `considerations`, `created_at`, `updated_at`, `evolution`, `diagnosis`, `qualification`) VALUES
(4, NULL, '2017-04-03 08:23:07', '2017-04-03 08:23:07', NULL, NULL, NULL),
(5, 'OD-  10 @ en el centro del abdomen, y adicional punto de sr, y dulce arina, cambiamos batido sabila, papaya, guatila, genjibre,  aumentar, consumo de4 agua y verduras.', '2017-04-07 01:41:57', '2017-04-07 02:01:27', '66.7', 'paciente que refiere estar inchada,  estreñimiento (1) ,', '2'),
(6, NULL, '2017-04-07 02:03:04', '2017-04-07 02:03:04', NULL, NULL, NULL),
(7, 'OI puntos sr de dulce y harinas y de control de peso se deja con batido de sabila piña apio y limón y consumo de agua dos litros verdura mínimo 3 porciones', '2017-04-07 02:22:08', '2017-04-07 02:26:35', '62.1', 'Sobrepeso', '0'),
(8, NULL, '2017-04-07 02:32:01', '2017-04-07 02:32:01', NULL, NULL, NULL),
(9, 'OI Puntos bajada de peso y puntos para drenada de liquidos', '2017-04-07 02:44:37', '2017-04-07 02:50:05', '70.3', 'paciente que mejora con ida al baño, realizo batido, se cayeron algunas agujas, inflamada, ', '0'),
(10, NULL, '2017-04-07 02:56:01', '2017-04-07 02:56:01', NULL, NULL, NULL),
(11, 'OI Puntos ara bajar de peso puntos sr y endocrinas dulce y harinas, sabila, pitaya, guatila, jengibre.', '2017-04-07 03:07:26', '2017-04-07 03:21:09', '62.9', 'realizo  dieta de espinaca, dio diarrea, agujas bien', '0'),
(12, NULL, '2017-04-07 03:21:52', '2017-04-07 03:21:52', NULL, NULL, NULL),
(13, NULL, '2017-04-07 03:31:47', '2017-04-07 03:31:47', NULL, NULL, NULL),
(14, 'OD Puntos para control de peso @ en punto de ansiedad puntos drenadores de liquido de dulce y harina, batido igual,dieta etapa 1', '2017-04-07 03:36:19', '2017-04-07 03:44:11', '67.2', 'ANSIEDAD, DOLOR DE ESTOMAGO, BATIDO BIEN, ESCRECION NORMAL 3, DOLOR DE CABEZA', '4'),
(15, NULL, '2017-04-07 03:51:00', '2017-04-07 03:51:00', NULL, NULL, NULL),
(16, 'OI Puntos de control de peso, puntos de harina y dulce, puntos drenadores, y dietqa etapa 1  batido igual', '2017-04-07 04:01:12', '2017-04-07 04:13:07', '67.9', 'ESTREÑIMIENTO, BATIDO BIEN, DIETA BIEN, COMIÓ BRAUNI,', '3'),
(17, NULL, '2017-04-07 04:12:15', '2017-04-07 04:12:15', NULL, NULL, NULL),
(18, NULL, '2017-04-07 04:13:52', '2017-04-07 04:13:52', NULL, NULL, NULL),
(19, NULL, '2017-04-07 04:24:01', '2017-04-07 04:24:01', NULL, NULL, NULL),
(20, 'OI- PUNTOS DE CONTROL DE PESO  Y DRENADORES ADEMAS LOS DE DULCE Y ARINAS, DIETA DE ESPINACA TRES DIAS INTERCALADOS, BATIDO IGUAL', '2017-04-07 04:26:08', '2017-04-07 04:36:24', '73.9', 'realizo la dieta de espinaca, bien ,escrecion normal , periodo', '0'),
(21, NULL, '2017-04-07 04:38:03', '2017-04-07 04:38:03', NULL, NULL, NULL),
(22, 'OI puntos control de peso, ,arina, dulce y  sr, y endocrinas , batido dos veces en el día dieta de piña por  tres días seguidos, ', '2017-04-07 04:46:43', '2017-04-07 04:58:52', '68.8', 'se cintio bien en talla se ciente mas liviana, vertigo, escrecion normal se quito la ansiedad,', '2'),
(23, NULL, '2017-04-07 04:59:34', '2017-04-07 04:59:34', NULL, NULL, NULL),
(24, NULL, '2017-04-07 05:02:54', '2017-04-07 05:02:54', NULL, NULL, NULL),
(25, 'puntos de control de peso , drenadores de liquido y punto de arina y dulce. dieta liquida por tres dias, batido  igual', '2017-04-07 05:08:19', '2017-04-07 05:24:34', '79.2', 'ansiosa por el pan,  bien  con el batido, ', '2'),
(26, NULL, '2017-04-07 05:14:00', '2017-04-07 05:14:00', NULL, NULL, NULL),
(27, NULL, '2017-04-07 05:25:02', '2017-04-07 05:25:02', NULL, NULL, NULL),
(28, 'Control de peso, punto de sr y endocrinas y puntos de harina y dulce diez @ en estomago batido igual y dieta etapa 1', '2017-04-07 05:35:02', '2017-04-07 05:42:02', '94.8', 'BIEN , ESCRECION NORMAL , ', '2'),
(29, NULL, '2017-04-07 05:52:05', '2017-04-07 05:52:05', NULL, NULL, NULL),
(30, 'PUNTOS DE CONTROL DE PESO,  @EN H,B,ANSIEDAD Y HAMBRE PUNTOS DE SR  DIETA VITA POR  TRES DIAS SEGUIDOS, BATIDO IGUAL', '2017-04-07 06:03:33', '2017-04-07 06:16:34', '66.2', 'SUPER BIEN , ESCRECION NORMAL', '3'),
(31, NULL, '2017-04-07 06:17:56', '2017-04-07 06:17:56', NULL, NULL, NULL),
(32, 'dejo con puntos drenadores y puntos para arina y dulce, dieta etapa 1 y batido igual', '2017-04-08 01:26:10', '2017-04-08 01:27:50', '77.1', 'escrecion normal  y dieta juiciosa con su batido', '2');

INSERT INTO `treatments` (`id`, `description`, `created_at`, `updated_at`, `sign_id`, `diagnosis`) VALUES
(11, 'Dtrat', '2017-04-03 08:09:34', '2017-04-03 08:16:53', 5, 'Dx'),
(12, 'con puntos de bajada de peso y  supra renales, higado, batido de sabila, piña, apio y limon y recomendamos  las astaxantinas', '2017-04-07 01:30:41', '2017-04-07 01:41:07', 6, 'pasiente con sobrepeso '),
(13, 'SE REALIZA TTO  DE BAJADA DE PESO CON  BATIDO DE  SABILA, KIWI APIO LIMON', '2017-04-07 02:11:09', '2017-04-07 02:21:34', 7, 'SOBREPESO'),
(14, 'paciente que inicia para bajar ede peso', '2017-04-07 02:35:58', '2017-04-07 02:43:57', 8, 'para bajar de peso '),
(15, 'sabila, piña apio, limon', '2017-04-07 02:38:55', '2017-04-07 03:06:34', 9, 'tratamiento de control de peso'),
(16, 'TRATAMIENTO PARA CONTROL DE PESO', '2017-04-07 03:19:40', '2017-04-07 03:35:47', 10, 'SOBREPESO'),
(17, 'SE INICIA TRATAMIENTO PARA BAJAR DE PESO', '2017-04-07 03:20:49', '2017-04-07 04:00:22', 11, 'SOBREPESO'),
(18, '', '2017-04-07 04:11:00', '2017-04-07 04:23:39', 12, 'sobrepeso'),
(19, 'bajada de peso', '2017-04-07 04:15:49', '2017-04-07 04:46:15', 13, 'obesidad morvida'),
(20, '', '2017-04-07 04:20:37', '2017-04-07 05:07:54', 14, 'obesidad morvida'),
(21, 'TRATAMIENTO DE CONTROL DE PESO', '2017-04-07 05:01:01', '2017-04-07 05:34:30', 15, 'OBESIDAD'),
(22, '', '2017-04-07 05:12:41', '2017-04-07 06:03:09', 16, 'SOBREPESO'),
(23, 'INICIAMOS TTO PARA BAJAR DE PESO', '2017-04-07 17:51:23', '2017-04-07 17:58:38', 17, 'pasiente con sobrepeso ');

INSERT INTO `aliments` (`id`, `detail`, `place_food`, `created_at`, `updated_at`, `patient_id`, `food_description`) VALUES
(23, 'BREAKFAST', 'HOME', '2017-04-03 08:16:53', '2017-04-03 08:16:53', 10, 'Jugo,café y huevo'),
(24, 'MIDMORNING', 'OFFICE', '2017-04-03 08:16:53', '2017-04-03 08:16:53', 10, 'té'),
(25, 'LUNCH', 'HOME', '2017-04-03 08:16:53', '2017-04-03 08:16:53', 10, 'Grano, arroz, pollo, verdura'),
(26, 'MIDAFTERNOON', 'OFFICE', '2017-04-03 08:16:53', '2017-04-03 08:16:53', 10, 'Gaseosa'),
(27, 'DINNER', 'HOME', '2017-04-03 08:16:53', '2017-04-03 08:16:53', 10, 'cafe con leche'),
(28, 'BREAKFAST', 'HOME', '2017-04-07 01:41:06', '2017-04-07 01:41:06', 11, 'huevos, cafe'),
(29, 'BREAKFAST', 'HOME', '2017-04-07 02:21:33', '2017-04-07 02:21:33', 12, 'CAFE Y HUEVOS'),
(30, 'BREAKFAST', 'HOME', '2017-04-07 02:43:56', '2017-04-07 02:43:56', 13, 'cafe'),
(31, 'BREAKFAST', 'HOME', '2017-04-07 03:06:34', '2017-04-07 03:06:34', 14, 'cafe'),
(32, 'BREAKFAST', 'HOME', '2017-04-07 03:35:46', '2017-04-07 03:35:46', 15, 'cafe'),
(33, 'BREAKFAST', 'HOME', '2017-04-07 04:00:22', '2017-04-07 04:00:22', 16, 'CAFE'),
(34, 'BREAKFAST', 'HOME', '2017-04-07 04:23:39', '2017-04-07 04:23:39', 17, 'cafe'),
(35, 'BREAKFAST', 'HOME', '2017-04-07 04:46:15', '2017-04-07 04:46:15', 18, 'CAFE'),
(36, 'BREAKFAST', 'HOME', '2017-04-07 05:07:54', '2017-04-07 05:07:54', 19, 'cafe'),
(37, 'BREAKFAST', 'HOME', '2017-04-07 05:34:30', '2017-04-07 05:34:30', 20, 'cafe'),
(38, 'BREAKFAST', 'HOME', '2017-04-07 06:03:08', '2017-04-07 06:03:08', 21, 'cafe'),
(39, 'BREAKFAST', 'HOME', '2017-04-07 17:58:38', '2017-04-07 17:58:38', 22, 'cafe');